-- REVISED OLD demobld92.sql SCRIPT in order to practice all types of JOINS
-- with DEPT, EMP, CUSTOMER and ORD Tables
-- Building Oracle demonstration tables (7 NEW TABLES) 
ALTER SESSION SET NLS_DATE_FORMAT='DD-MON-RR';

DROP TABLE EMP;
DROP TABLE DEPT;
DROP TABLE BONUS;
DROP TABLE SALGRADE;
DROP TABLE PRODUCT;
DROP TABLE ORD;
DROP TABLE CUSTOMER;
DROP SEQUENCE ORDID;
DROP SEQUENCE CUSTID;
DROP SEQUENCE PRODID;

CREATE TABLE DEPT (
 DEPTNO              NUMBER(2) NOT NULL,
 DNAME               VARCHAR2(14),
 LOC                 VARCHAR2(13),
 CONSTRAINT DEPT_PRIMARY_KEY PRIMARY KEY (DEPTNO));

INSERT INTO DEPT VALUES (10,'ACCOUNTING','NEW YORK');
INSERT INTO DEPT VALUES (20,'RESEARCH','DALLAS');
INSERT INTO DEPT VALUES (30,'SALES','CHICAGO');
INSERT INTO DEPT VALUES (40,'OPERATIONS','BOSTON');

CREATE TABLE EMP (
 EMPNO               NUMBER(4) NOT NULL,
 ENAME               VARCHAR2(10),
 JOB                 VARCHAR2(9),
 MGR                 NUMBER(4) CONSTRAINT EMP_SELF_KEY REFERENCES EMP (EMPNO),
 HIREDATE            DATE,
 SAL                 NUMBER(7,2),
 COMM                NUMBER(7,2),
 DEPTNO              NUMBER(2) NOT NULL,
 CONSTRAINT EMP_FOREIGN_KEY FOREIGN KEY (DEPTNO) REFERENCES DEPT (DEPTNO),
 CONSTRAINT EMP_PRIMARY_KEY PRIMARY KEY (EMPNO));

INSERT INTO EMP VALUES (7839,'KING','PRESIDENT',NULL,'17-NOV-1981',5000,NULL,10);
INSERT INTO EMP VALUES (7698,'BLAKE','MANAGER',7839,'1-MAY-1981',2850,NULL,30);
INSERT INTO EMP VALUES (7782,'CLARK','MANAGER',7839,'9-JUN-1981',2450,NULL,10);
INSERT INTO EMP VALUES (7566,'JONES','MANAGER',7839,'2-APR-1981',2975,NULL,20);
INSERT INTO EMP VALUES (7654,'MARTIN','SALESMAN',7698,'28-SEP-1981',1250,1400,30);
INSERT INTO EMP VALUES (7499,'ALLEN','SALESMAN',7698,'20-FEB-1981',1600,300,30);
INSERT INTO EMP VALUES (7844,'TURNER','SALESMAN',7698,'8-SEP-1981',1500,0,30);
INSERT INTO EMP VALUES (7900,'JAMES','CLERK',7698,'3-DEC-1981',950,NULL,30);
INSERT INTO EMP VALUES (7521,'WARD','SALESMAN',7698,'22-FEB-1981',1250,500,30);
INSERT INTO EMP VALUES (7902,'FORD','ANALYST',7566,'3-DEC-1981',3000,NULL,20);
INSERT INTO EMP VALUES (7369,'SMITH','CLERK',7902,'17-DEC-1980',800,NULL,20);
INSERT INTO EMP VALUES (7788,'SCOTT','ANALYST',7566,'09-DEC-1982',3000,NULL,20);
INSERT INTO EMP VALUES (7876,'ADAMS','CLERK',7788,'12-JAN-1983',1100,NULL,20);
INSERT INTO EMP VALUES (7934,'MILLER','CLERK',7782,'23-JAN-1982',1300,NULL,10);
INSERT INTO EMP VALUES (8777,'HOLMES','SALESMAN',7698,'23-OCT-1987',1800,1200,30);

CREATE TABLE BONUS (
 ENAME               VARCHAR2(10),
 JOB                 VARCHAR2(9),
 SAL                 NUMBER,
 COMM                NUMBER);

CREATE TABLE SALGRADE (
 GRADE               NUMBER,
 LOSAL               NUMBER,
 HISAL               NUMBER);

INSERT INTO SALGRADE VALUES (1,700,1200);
INSERT INTO SALGRADE VALUES (2,1201,1400);
INSERT INTO SALGRADE VALUES (3,1401,2000);
INSERT INTO SALGRADE VALUES (4,2001,3000);
INSERT INTO SALGRADE VALUES (5,3001,9999);

CREATE TABLE CUSTOMER (
 CUSTID              NUMBER (6) NOT NULL,
 NAME                VARCHAR2 (45),
 ADDRESS             VARCHAR2 (40),
 CITY                VARCHAR2 (30),
 STATE               VARCHAR2 (2),
 ZIP                 VARCHAR2 (9),
 AREA                NUMBER (3),
 PHONE               VARCHAR2 (9),
 REPID               NUMBER (4),
 CREDITLIMIT         NUMBER (9,2),
 COMMENTS            VARCHAR2(200),
 CONSTRAINT CUSTOMER_PRIMARY_KEY PRIMARY KEY (CUSTID),
 CONSTRAINT CUSTID_ZERO CHECK (CUSTID > 0));

INSERT INTO CUSTOMER (ZIP, STATE, REPID, PHONE, NAME, CUSTID, CREDITLIMIT,
  CITY, AREA, ADDRESS, COMMENTS)
VALUES ('96711', 'CA', '7844', '598-6609',
 'JOCKSPORTS',
 '100', '5000', 'BELMONT', '415', '345 VIEWRIDGE',
 'Very friendly people to work with -- sales rep likes to be called Mike.');

INSERT INTO CUSTOMER (ZIP, STATE, REPID, PHONE, NAME, CUSTID, CREDITLIMIT,
  CITY, AREA, ADDRESS, COMMENTS)
VALUES ('94061', 'CA', '7521', '368-1223',
 'TKB SPORT SHOP',
 '101', '10000', 'REDWOOD CITY', '415', '490 BOLI RD.',
 'Rep called 5/8 about change in order - contact shipping.');

INSERT INTO CUSTOMER (ZIP, STATE, REPID, PHONE, NAME, CUSTID, CREDITLIMIT,
  CITY, AREA, ADDRESS, COMMENTS)
VALUES ('95133', 'CA', '7654', '644-3341',
 'VOLLYRITE',
 '102', '7000', 'BURLINGAME', '415', '9722 HAMILTON',
 'Company doing heavy promotion beginning 10/89. Prepare for large orders during
 winter.');

INSERT INTO CUSTOMER (ZIP, STATE, REPID, PHONE, NAME, CUSTID, CREDITLIMIT,
  CITY, AREA, ADDRESS, COMMENTS)
VALUES ('97544', 'CA', '7521', '677-9312',
 'JUST TENNIS',
 '103', '3000', 'BURLINGAME', '415', 'HILLVIEW MALL',
 'Contact rep about new line of tennis rackets.');

INSERT INTO CUSTOMER (ZIP, STATE, REPID, PHONE, NAME, CUSTID, CREDITLIMIT,
  CITY, AREA, ADDRESS, COMMENTS)
VALUES ('93301', 'CA', '7499', '996-2323',
 'EVERY MOUNTAIN',
 '104', '10000', 'CUPERTINO', '408', '574 SURRY RD.',
 'Customer with high market share (23%) due to aggressive advertising.');

INSERT INTO CUSTOMER (ZIP, STATE, REPID, PHONE, NAME, CUSTID, CREDITLIMIT,
  CITY, AREA, ADDRESS, COMMENTS)
VALUES ('91003', 'CA', '7844', '376-9966',
 'K + T SPORTS',
 '105', '5000', 'SANTA CLARA', '408', '3476 EL PASEO',
 'Tends to order large amounts of merchandise at once. Accounting is considering
 raising their credit limit. Usually pays on time.');

INSERT INTO CUSTOMER (ZIP, STATE, REPID, PHONE, NAME, CUSTID, CREDITLIMIT,
  CITY, AREA, ADDRESS, COMMENTS)
VALUES ('94301', 'CA', '7521', '364-9777',
 'SHAPE UP',
 '106', '6000', 'PALO ALTO', '415', '908 SEQUOIA',
 'Support intensive. Orders small amounts (< 800) of merchandise at a time.');

INSERT INTO CUSTOMER (ZIP, STATE, REPID, PHONE, NAME, CUSTID, CREDITLIMIT,
  CITY, AREA, ADDRESS, COMMENTS)
VALUES ('93301', 'CA', '7499', '967-4398',
 'WOMENS SPORTS',
 '107', '10000', 'SUNNYVALE', '408', 'VALCO VILLAGE',
 'First sporting goods store geared exclusively towards women. Unusual promotion
al style and very willing to take chances towards new products!');

INSERT INTO CUSTOMER (ZIP, STATE, REPID, PHONE, NAME, CUSTID, CREDITLIMIT,
  CITY, AREA, ADDRESS, COMMENTS)
VALUES ('55649', 'MN', '7844', '566-9123',
 'NORTH WOODS HEALTH AND FITNESS SUPPLY CENTER',
 '108', '8000', 'HIBBING', '612', '98 LONE PINE WAY', '');

INSERT INTO CUSTOMER (ZIP, STATE, REPID, PHONE, NAME, CUSTID, CREDITLIMIT,
  CITY, AREA, ADDRESS, COMMENTS)
VALUES (Null, 'CA', Null, '466-8123',
 'SPORT PLANET',
 '201', '9000', 'SACRAMENTO', '408', '23 MOUNT PLEASANT DRIVE', NULL);

CREATE TABLE ORD  (
 ORDID               NUMBER (4) NOT NULL,
 ORDERDATE           DATE,
 COMMPLAN            VARCHAR2 (1),
 CUSTID              NUMBER (6) NOT NULL,
 SHIPDATE            DATE,
 TOTAL               NUMBER (8,2) CONSTRAINT TOTAL_ZERO CHECK (TOTAL >= 0),
 CONSTRAINT ORD_FOREIGN_KEY FOREIGN KEY (CUSTID) REFERENCES CUSTOMER (CUSTID),
 CONSTRAINT ORD_PRIMARY_KEY PRIMARY KEY (ORDID));

INSERT INTO ORD (TOTAL, SHIPDATE, ORDID, ORDERDATE, CUSTID, COMMPLAN)
 VALUES ('101', '08-JAN-1987', '610', '07-JAN-1987', '101', 'A');

INSERT INTO ORD (TOTAL, SHIPDATE, ORDID, ORDERDATE, CUSTID, COMMPLAN)
 VALUES ('45', '11-JAN-1987', '611', '11-JAN-1987', '102', 'B');

INSERT INTO ORD (TOTAL, SHIPDATE, ORDID, ORDERDATE, CUSTID, COMMPLAN)
 VALUES ('5860', '20-JAN-1987', '612', '15-JAN-1987', '104', 'C');

INSERT INTO ORD (TOTAL, SHIPDATE, ORDID, ORDERDATE, CUSTID, COMMPLAN)
 VALUES ('24', '30-MAY-1986', '601', '01-MAY-1986', '106', 'A');

INSERT INTO ORD (TOTAL, SHIPDATE, ORDID, ORDERDATE, CUSTID, COMMPLAN)
 VALUES ('56', '20-JUN-1986', '602', '05-JUN-1986', '102', 'B');

INSERT INTO ORD (TOTAL, SHIPDATE, ORDID, ORDERDATE, CUSTID, COMMPLAN)
 VALUES ('698', '30-JUN-1986', '604', '15-JUN-1986', '106', 'A');

INSERT INTO ORD (TOTAL, SHIPDATE, ORDID, ORDERDATE, CUSTID, COMMPLAN)
 VALUES ('8324', '30-JUL-1986', '605', '14-JUL-1986', '106', 'A');

INSERT INTO ORD (TOTAL, SHIPDATE, ORDID, ORDERDATE, CUSTID, COMMPLAN)
 VALUES ('34', '30-JUL-1986', '606', '14-JUL-1986', '100', 'A');

INSERT INTO ORD (TOTAL, SHIPDATE, ORDID, ORDERDATE, CUSTID, COMMPLAN)
 VALUES ('98', '15-AUG-1986', '609', '01-AUG-1986', '100', 'B');

INSERT INTO ORD (TOTAL, SHIPDATE, ORDID, ORDERDATE, CUSTID, COMMPLAN)
 VALUES ('56', '18-JUL-1986', '607', '18-JUL-1986', '104', 'C');

INSERT INTO ORD (TOTAL, SHIPDATE, ORDID, ORDERDATE, CUSTID, COMMPLAN)
 VALUES ('35', '25-JUL-1986', '608', '25-JUL-1986', '104', 'C');

INSERT INTO ORD (TOTAL, SHIPDATE, ORDID, ORDERDATE, CUSTID, COMMPLAN)
 VALUES ('224', '05-JUN-1986', '603', '05-JUN-1986', '102', '');

INSERT INTO ORD (TOTAL, SHIPDATE, ORDID, ORDERDATE, CUSTID, COMMPLAN)
 VALUES ('4450', '12-MAR-1987', '620', '12-MAR-1987', '100', '');

INSERT INTO ORD (TOTAL, SHIPDATE, ORDID, ORDERDATE, CUSTID, COMMPLAN)
 VALUES ('6400', '01-FEB-1987', '613', '01-FEB-1987', '108', '');

INSERT INTO ORD (TOTAL, SHIPDATE, ORDID, ORDERDATE, CUSTID, COMMPLAN)
 VALUES ('23940', '05-FEB-1987', '614', '01-FEB-1987', '102', '');

INSERT INTO ORD (TOTAL, SHIPDATE, ORDID, ORDERDATE, CUSTID, COMMPLAN)
 VALUES ('764', '10-FEB-1987', '616', '03-FEB-1987', '103', '');

INSERT INTO ORD (TOTAL, SHIPDATE, ORDID, ORDERDATE, CUSTID, COMMPLAN)
 VALUES ('1260', '04-FEB-1987', '619', '22-FEB-1987', '104', '');

INSERT INTO ORD (TOTAL, SHIPDATE, ORDID, ORDERDATE, CUSTID, COMMPLAN)
 VALUES ('46370', '03-MAR-1987', '617', '05-FEB-1987', '105', '');

INSERT INTO ORD (TOTAL, SHIPDATE, ORDID, ORDERDATE, CUSTID, COMMPLAN)
 VALUES ('710', '06-FEB-1987', '615', '01-FEB-1987', '107', '');

INSERT INTO ORD (TOTAL, SHIPDATE, ORDID, ORDERDATE, CUSTID, COMMPLAN)
 VALUES ('3510', '06-MAR-1987', '618', '15-FEB-1987', '102', 'A');

INSERT INTO ORD (TOTAL, SHIPDATE, ORDID, ORDERDATE, CUSTID, COMMPLAN)
 VALUES ('730', '01-JAN-1987', '621', '15-MAR-1987', '100', 'A');

CREATE TABLE PRODUCT (
 PRODID              NUMBER (6) CONSTRAINT PRODUCT_PRIMARY_KEY PRIMARY KEY,
 DESCRIP             VARCHAR2 (30));

INSERT INTO PRODUCT (PRODID, DESCRIP)
 VALUES ('100860', 'ACE TENNIS RACKET I');

INSERT INTO PRODUCT (PRODID, DESCRIP)
 VALUES ('100861', 'ACE TENNIS RACKET II');

INSERT INTO PRODUCT (PRODID, DESCRIP)
 VALUES ('100870', 'ACE TENNIS BALLS-3 PACK');

INSERT INTO PRODUCT (PRODID, DESCRIP)
 VALUES ('100871', 'ACE TENNIS BALLS-6 PACK');

INSERT INTO PRODUCT (PRODID, DESCRIP)
 VALUES ('100890', 'ACE TENNIS NET');

INSERT INTO PRODUCT (PRODID, DESCRIP)
 VALUES ('101860', 'SP TENNIS RACKET');

INSERT INTO PRODUCT (PRODID, DESCRIP)
 VALUES ('101863', 'SP JUNIOR RACKET');

INSERT INTO PRODUCT (PRODID, DESCRIP)
 VALUES ('102130', 'RH: "GUIDE TO TENNIS"');

INSERT INTO PRODUCT (PRODID, DESCRIP)
 VALUES ('200376', 'SB ENERGY BAR-6 PACK');

INSERT INTO PRODUCT (PRODID, DESCRIP)
 VALUES ('200380', 'SB VITA SNACK-6 PACK');


CREATE SEQUENCE ORDID
INCREMENT BY 1
START WITH 622
NOCACHE;

CREATE SEQUENCE PRODID
INCREMENT BY 1
START WITH 200381
NOCACHE;

CREATE SEQUENCE CUSTID
INCREMENT BY 1
START WITH 109
NOCACHE;

